id,FirstName,LastName,Company,ReportName
1,cayden,banks,the mcgraw-hill companies,western enterprises 1/4 npt x 3 long male brass regulator nipple cga 540
2,kai,bass,mccormick & company,bostitch industrial air tool swivel plug
3,rowan,sanchez,quiksilver,crawford storehorse 36
4,damien,bowman,con-way,dremel universal drywall jab saw blade
5,selena,herrera,biomet,campbell hausfeld 62 piece air tool kit
6,aubree,hernandez,the shaw group,dual-temp mini glue gun kit
7,chanel,watts,southern company,wagan 3-in-1 275 psi air compressor
8,andre,goodwin,mcdonald's corporation,arrow fastener powershot heavy duty forward action stapler
9,mario,gentry,cytec industries,rikon 1.2 amp 120 v 16 scroll saw
10,adelyn,spence,general electric capital corporation,hitachi 18v 1/2
11,quinn,melendez,rockwood holdings,wagan hi speed air compressor
12,elliot,branch,raymond james financial,dremel 4200 rotary tool with ez change
13,mira,burks,teleflexorporated,wagan 3-in-1 275 psi air compressor
14,cade,barrera,realogy corporation,weller battery powered soldering iron kit
15,trent,navarro,the washington post company,fpc corporation surebonder dual melt high/low temperature glue gun fprdt270
16,caroline,huffman,crown castle international corp,lincoln industrial grease gun cordless with case
17,santiago,daugherty,lsi corporation,surebonder full size high temperature glue gun
18,janae,rush,genuine parts company,black & decker 5.2a 3.25
19,kai,lindsay,herman miller,black and decker 20v max lithium drill and circular saw kit
20,kymani,greene,unified grocers insurance services,campbell hausfeld pistol grip blowgun
21,ryleigh,nguyen,national fuel gas distribution corporation,mini glue sticks 4
22,johann,jacobs,brookdale senior living,hoover ch82010 ground command super heavy-duty air mover
23,jay,gamble,first american financial corporation,gmc power equipment 1.6 gallon gmc syclone 1675a ultra quiet and oil-free air compressor
24,melissa,macias,systemax,dixon valve air chief industrial quick connect fittings
25,harvey,barlow,northwestern mutual life insurance company,bostitch prozhoze
26,brittany,underwood,interpublic group of companies,campbell hausfeld general purpose spray gun
27,landon,mccarthy,pc connection,makita btl061 lxt 18 volt angle drill kit
28,haiden,duke,corrections corporation of america,lincoln industrial 14.4 volt powerlube kit
29,gwyneth,ortiz,amazon.com,black & decker 20-volt matrix drill
30,trace,sparks,consolidated edison company of new york,bostitch 8.5 amp orbital reciprocating saw
31,marlon,dalton,invacare corporation,great neck saw 80134 36-piece rotary tool set
32,ray,frederick,the mcgraw-hill companies,black & decker 7.2-volt lithium drill/driver
33,cruz,rasmussen,devon energy corp,skil 7-1/4
34,nolan,hicks,target corporation,skil 735-0118v octo multi-finishing sander
35,zayden,estrada,american international group,bostitch 15 amp 7 1/4
36,jaelynn,castro,magellan health services,hitachi 1 3/8
37,jeramiah,mcmahon,flowers foods,arrow fastener dual purpose stapler
38,cedric,potter,the andersons,irwin 5-3/8 24t marathon cordless circular saw blade
39,mira,luna,citigrouporporated,legacy mfg 3/8 x 100 flex air hose yellow
40,jorden,justice,insight enterprises,3m 37717 spray trigger nozzle head
41,abril,mcdaniel,expeditors international of washington,astro pneumatic 9707 1/4-inch drive mini gearless ratchet
42,aydan,strickland,united states steel corporation,skil 5995-01 18-volt 5-3/8
43,rowen,lott,apple,audiopipe thsy3075c pipeman train horn air compressor
44,sky,guy,brocade communications systems,gorilla rack 4 ft. heavy-duty workbench
45,brooks,herrera,sonoco products,crawford 38 in. adjustable steel sawhorse
46,lillianna,bright,mercury general corporation,eclipse dp-366d desoldering pump
47,kamron,woodard,applied materials,rotozip ss355-10 rotosaw
48,saul,mccormick,avery dennison corporation,bosch cs5 7-1/4
49,camryn,hayden,aleris international,bostitch air regulator and gauge
50,nico,morgan,pacer international,freud 12 44t diablo general purpose chop/slide miter saw blade d1244x
51,ella,reyes,tupperware corporation,black & decker 1/4-sheet sander with filtered dust collection
52,darian,allison,foot locker,black & decker 9.6v-18v multi voltage fast charger
53,drew,gilbert,cms energy,professional woodworker 18 gauge brad nailer with 2-gallon 100 psi twin stack compressor combo kit
54,moshe,hensley,reader's digest association,rotozip ss355-10 rotosaw
55,bria,armstrong,merck & co,legacy mfg straight-on tapered chuck inflator w/ 12 in. hose
56,izaiah,greene,core-mark international,hitachi 4 1/2
57,iris,knox,illinois tool works,kawasaki 6 bench grinder
58,troy,allen,cintas corporation,eclipse 900-230 flux bottle pack
59,karson,bullock,cincinnati financial corporation,got air heavy duty portable air compressor
60,elianna,howe,regal beloit corporation,powermate 30 gallon cast iron oil lubricated belt drive industrial air compressor
61,roselyn,leon,guess,plews & edelmann lever-action grease gun
62,leighton,norman,worthington industries,black & decker 109-piece basic project set
63,delilah,vance,weyerhaeuser company,campbell hausfeld gravity-feed spray gun with grab n go case
64,carolina,melendez,thrivent financial for lutherans,ingersoll rand 244a 1/2-inch drive super duty impact wrench
65,kassidy,hayden,enersys,skil 2364-02 7.2-volt lithium-ion 2-speed drill/driver
66,sophia,velez,aflac,stanley fatmax 20-volt lithium cordless hammer drill
67,logan,frost,family dollar stores,powermate 30 gallon cast iron oil lubricated belt drive industrial air compressor
68,dulce,juarez,biomet,california air tools 5 gallon pressure pot with hvlp spray gun and hose
69,lindsey,brock,"the scotts company, ",prevost isc 061201 safety coupler 1/4 in m style
70,jadiel,prince,steel dynamics,black & decker 1/4-sheet sander with filtered dust collection
71,yahir,wiley,mgm resorts international,bostitch 15 amp 7 1/4
72,case,gay,alpha natural resources,got air heavy duty portable air compressor
73,belen,sweeney,education management corporation,lincoln industrial 18 volt cordless grease gun w/ 2 batteries
74,lola,gould,gardner denver,black & decker matrix jig saw head attachment
75,efrain,jacobs,the principal financial group,dewalt power tools dws780 12 inch double bevel sliding compound miter saw
76,marco,kane,express scripts,bostitch 18v lithium 1/2
77,aydin,clark,granite construction,stanley heavy duty aluminum stapler
78,yandel,nielsen,jones lang lasalleorporated,hitachi 200-piece mini grinder accessory set
79,tommy,mcgee,united continental holdings,campbell hausfeld lever safety blowgun kit
80,dominic,bailey,the servicemaster company,ad tech 2-temp full size cordless glue gun
81,brandon,strickland,sungard,kawasaki 10 piece screw extractor and drill bit set
82,frances,finley,parker hannifin corporation,black and decker inc dcf895d2 20v max brushless . 25 inch hex 3-speed . 25 inch impact driver
83,lucille,cunningham,heartland payment systemsorporated,primefit 30-piece air compressor accessory kit
84,braylin,flowers,john deere company,skil 2260-01 18-volt cordless 3/8-inch drill/driver kit
85,duncan,lara,suntrust banks,dremel 7700-1/15 7.2-volt multipro cordless rotary kit with 15 accessories
86,ryan,henson,fred's,surebonder full size high temperature glue gun
87,kourtney,aguirre,american tire distributors,lumberjack tools trh2000 2in home series tenon cutter
88,alfredo,vincent,calumet specialty products partners,skil 7510-01 3-inch x 18-inch auto track belt sander
89,lillian,gilliam,the walt disney company,weller sp23lk general duty soldering iron kit
90,camren,barry,perrigo company,gyros 40-00470 powerpro variable speed rotary tool tool only
91,adalyn,barrera,pinnacle foods group ,weller battery powered soldering iron kit
92,madeline,conner,entergy corporation,legacy mfg straight-on tapered chuck inflator w/ 12 in. hose
93,mila,howe,hormel foods corporation,gyros 45-20265 high speed steel wire gauge drill bit no.65 set of 2
94,cynthia,schroeder,electronic arts,comstar 10-100 copper lock no-heat solder
95,kayden,bailey,neiman marcus,aaa 250psi 6-in-1 air compressor
96,micah,evans,toll brothers,wen apex pro apex pro 10 table saw with stand
97,leonardo,barker,spectrum group international,vermont american 10 60 tpi 10x titanium carbide circular saw blades 27833
98,emelia,sanchez,bucyrus international,striker adjustable garage parking sensor
99,kelvin,gallagher,the mosaic company,black & decker 109-piece basic project set
100,jazmine,farrell,ferrellgas partners,dewalt 115-dw059b 18v 1-2 inch high torque impact wrench bare tool
101,bodhi,eaton,amphenol corporation,dremel 709-01 110 pc super accessory kit
102,carmelo,bailey,laboratory corporation of america,jgb enterprises 001-0121-050i eagle air 300 no. red jackhammer hose cpld chicago fittings crimped
103,taraji,freeman,alaska air group,vermont american 7 to 7-1/4 masonry circular saw blades 28052
104,azaria,merrill,johnson and johnson,multi-temp hybrid cordless glue gun
105,milania,horn,lennar corporation,dual-temp mini glue gun kit
106,jay,johnson,ford motor company,master magnetics 7269 36-inch retrieval magnet
107,kaylynn,harrington,idt corporation,vermont american 7 to 7-1/4 masonry circular saw blades 28052
108,emmitt,fields,arrow electronics,bostitch 1/4 universal air coupler
109,kayden,cleveland,healthsouth corporation,campbell hausfeld 1-1/4 brad nailer kit
110,carla,dotson,wyndham worldwide corp,bostitch industrial air tool swivel plug
111,austin,shepherd,marsh & mclennan companies,all purpose stik mini glue sticks
112,river,roy,kiewit,dremel 7700-1/15 7.2-volt multipro cordless rotary kit with 15 accessories
113,susan,chandler,cabot corporation,dremel 8300-01 12v cordless multi-max oscillating kit
114,miranda,mckinney,humana,titan 16048 48 piece quick-disconnect drill and power bit set with portable bit cases
115,janessa,stewart,asbury automotive group,bostitch 8.5 amp orbital reciprocating saw and bonus saw blade set bundle
116,josephine,moreno,integrys energy group,bostitch industrial air tool plug
117,lara,henson,hospira,black & decker matrix router head attachment
118,dylan,beck,ingram micro,wagner heat gun kit
119,pablo,russell,hcb,mr. heater stay a while deluxe
120,ellen,ballard,"k. hovnanian companies, ",black & decker 2.4v direct plug screwdriver
121,ryan,mcmahon,colgate-palmolive company,dewalt tools dwtdc385k hd srp 18v cordless reciprocating saw kit
122,salma,gould,energizer holdings,dualsaw destroyer cs650 saw
123,zayne,justice,tesoro corporation,skil 5480-01 7-1/4-inch skilsaw circular saw
124,hailey,ball,teco energy,dual-temp mini glue gun kit
125,amari,gibson,owens illinois,stalwart 8-in-1 multipurpose lighted magnetic driver with bits
126,teagan,curry,apple,buffalo tools 19 piece hole saw set
127,emilia,tucker,omnicare,bostitch .5
128,kash,murray,flowers foods,hitachi ds18dsal 18-volt li-ion compact driver drill with flashlight
129,cristiano,crosby,electronic arts,hitachi 4 1/2
130,saul,lara,starwood hotels & resorts worldwide,bostitch air regulator & gauge kit
131,melissa,riddle,"k. hovnanian companies, ",mk diamond mk-370exp 7-inch wet cutting tile saw
132,aisha,jennings,applied industrial technologies,gyros 40-00470 powerpro variable speed rotary tool tool only
133,clayton,morse,buckeye partners,numax 16-gauge straight finish nailer
134,kassandra,cameron,charles schwab corporation,12-volt lith-ion max drill w/bonus tools set & bag
135,joseph,rasmussen,nordstrom,dewalt dcf610s2r drills / drivers 
136,jerome,rivera,dover corporation,bostitch 6.5 amp 3/8
137,braden,parrish,life technologies corporation,kawasaki 6 bench grinder
138,giana,mcneil,kemper corporation,buffalo tools 19 piece hole saw set
139,rayne,stafford,liberty media corporation,bostitch 7 amp 4.5
140,isla,wall,the pnc financial services group,hitachi 3.25 framing nailers nr83a2
141,lennox,estes,the affluent traveler,homeright heat pro deluxe ii heat tool
142,briana,carr,american national insurance company,irwin 7-piece drive set
143,darrell,massey,staples,skil 7-1/4
144,gaige,browning,microsoft corporation,fpc dual-temp glue gun kit
145,melissa,gallagher,bluelinx corporation,primefit 25-piece air compressor accessory kit
146,korbin,holmes,allegheny technologiesorporated,bosch pl1682 3-1/4
147,zayne,pierce,boyd gaming corporation,jaco jfc010 0.35 oz just for copper solderless copper bonding
148,ibrahim,stark,hertz global holdings,dual-temp mini glue gun kit
149,tristen,riggs,cracker barrel old country store,stanley sharpshooter stapler
150,ronald,frost,exterran holdings,black & decker 16
151,callen,zamora,unified grocers,dremel two speed rotary tool kit with 15 accessories 200-1-15
152,avianna,bridges,the shaw group,black and decker 3/8
153,alexzander,camacho,the cheesecake factoryorporated,hitachi 1 3/8
154,desmond,obrien,actavis,trinity stainless steel table
155,nancy,lewis,textron,campbell hausfeld 1 gallon air compressor
156,amari,moreno,heartland payment systemsorporated,bostitch 1/4 universal air coupler
157,zaire,freeman,pactiv corporation,rockwell shopseries 8 amp variable speed reciprocating saw kit
158,isaias,blackburn,lear corporation,surebonder upholstery pneumatic stapler
159,ahmed,sawyer,stancorp financial group,lumberjack tools tac2000 2-inch commercial series tenon cutter
160,jamir,mccoy,mckesson corporation,hitachi 4 1/2
161,jordyn,barr,centene corporation,black and decker power tools gco.12sfb 12-volt cordless drill with stud sensor and st
162,lawrence,albert,laboratory corporation of america,bostitch prozhoze
163,kasen,cotton,calumet specialty products partners,ad tech multi-temp full size 4
164,tate,barrera,aptargroup,hitachi 18v lithium ion 6 1/2
165,davis,cochran,wgl holdings,skil 360 quick-select 4v max 1.5ah lithium-ion screwdriver
166,kayson,white,united states steel corporation,stalwart portable air compressor kit with light
167,braeden,craig,southern union company,alphafry soldering paste flux & brush am51011
168,maryam,emerson,teamhealth,lumberjack tools ttr0500 1/2in pro series tenon cutter
169,tegan,ochoa,catalent pharma solutions,hitachi power tools db3dl2 3.6-volt lithium ion dual position handle screwdriver
170,liana,george,amica mutual insurance company,hitachi 0.63 hammer drill 6.0 amp
171,jefferson,pennington,new york community bank,dewalt speed tip 14 piece titanium drill bit set dw1341
172,mya,benjamin,cooper tire & rubber company,primefit 1-gallon
173,ryder,rios,genuine parts company,dewalt dck413s2 12-volt li-ion 4-tool combo kit
174,juniper,crosby,reliant energy retail holdings ,powryte 3/8
175,quinn,whitehead,thrivent financial for lutherans,imaginisce i-bond mini glue sticks
176,dylan,horton,the mcgraw-hill companies,master magnetics 7269 36-inch retrieval magnet
177,jakobe,bowers,netapp,dual-temp mini glue gun kit
178,tiana,holcomb,florida power & light company,weller sp80l medium duty soldering iron
179,aylin,madden,the bank of new york mellon corporation,lincoln industrial fully automatic pneumatic grease gun
180,ernesto,leach,state street corporation,black & decker 20v smart select cordless drill
181,jaylene,donovan,valmont industries,buffalo tools 4.8v cordless screwdriver
182,tanner,griffith,autoliv,dremel multi-max mm40 tool kit
183,ramon,bowers,stanley black & decker,eclipse 902-134 solder tip for 900-066n solder station
184,aileen,dillard,cvr energy,homeright heat pro plus heat tool
185,gustavo,hinton,the scotts miracle-gro company,primefit garage inflator with air accessory kit and storage case
186,jacoby,matthews,mortgage guaranty insurance corporation,titan master drill & bit 204pc set w/4fold cs
187,isiah,trevino,energysolutions,hitachi 1 1/2
188,regan,williams,first solar,black and decker inc dcf895d2 20v max brushless . 25 inch hex 3-speed . 25 inch impact driver
189,angie,merritt,reliance steel and aluminum,eclipse 900-230 flux bottle pack
190,zion,montgomery,patriot coal corporation,powryte 3/8
191,kristen,malone,teradata corporation,black & decker 7.25
192,zaiden,dennis,reader's digest association,great neck saw ra38 3/8
193,tommy,ellison,the mcgraw-hill companies,multi-temp hybrid cordless glue gun
194,luka,barker,the nasdaq stock market,western enterprises 1/4 npt x 3 long male brass regulator nipple cga 540
195,saniyah,cote,gardner denver,black & decker smart select linefinder orbital jigsaw
196,kingsley,eaton,stater bros markets/stater brothers markets,electric glue skillet 7
197,christine,estes,alpha natural resources,dewalt speed tip 14 piece titanium drill bit set dw1341
198,sonia,crosby,w.r. grace & co,irwin 30-piece drive set
199,bradyn,wells,the great atlantic & pacific tea co.,gyros 40-00470 powerpro variable speed rotary tool tool only
200,israel,clark,the pantry,dremel sm500 3